emoji,title,desc,link,type
ğŸ§´,Shampoo Bar,Plastic-free and nourishing.,https://www.theecoconnection.com/blog/plastic-free-shampoo-bars,product
ğŸ›,Cotton Produce Bags,Reusable bags for groceries.,https://www.theecoconnection.com/blog/reusable-grocery-bags,product
ğŸ§¼,Compostable Sponges,Eco-friendly cleaning essentials.,https://www.theecoconnection.com/blog/eco-kitchen-swaps,product
ğŸƒ,Slow Mornings,Start your day without screens.,https://www.theecoconnection.com/blog/sustainable-morning-routines,eco_tip
ğŸŒ,Line Dry Laundry,Air dry for less energy use.,,eco_tip
ğŸ“¦,Reuse Packaging,"Jars, boxes & bags find new life.",,eco_tip
ğŸ¥¤,Bamboo Straws,Ditch single-use plastic straws.,https://www.theecoconnection.com/blog/zero-waste-kitchen,swap
ğŸ§»,Cloth Napkins,Reusable alternatives for paper towels.,,swap
ğŸ›,Bar Soap,Swap body wash for a bar.,https://www.theecoconnection.com/blog/zero-waste-bathroom,swap
